Modelo,RMSE,MAE,R2
Regresión Lineal,0.4767222244295692,0.3555246361195201,0.5576160752045669
Regresión Polinomial,0.4573718390717228,0.3404546141961111,0.5928003634419409
SGDRegressor,0.47763874969660297,0.35785710067251675,0.5559134241426993
Lasso,0.47673205009954595,0.35557109885788907,0.5575978391626113
Ridge,0.4767222242721465,0.3555246360893599,0.5576160754967339
