Muestra,Regresión Lineal,Regresión Polinomial,SGDRegressor,Lasso,Ridge
4079,50.46213889183893,50.733774233842986,52.149653076332434,50.65558549922037,50.462139647301214
33735,89.13681687482479,89.52457897097591,92.49001724525773,89.54705323698414,89.13681723381787
69475,102.94104316201157,116.4812737891204,99.26924729194504,103.24539268265099,102.94104455176743
454,233.3707672083898,241.398440919671,232.66752311267416,234.5340346963616,233.37076474845443
25153,25.335461290415786,30.97070879307491,26.367489654839172,25.43473053046703,25.335461962594163
